"CpG","cor_cpg","pvalueStudent","qvalueStudent","SE","Z_cpg","CHR","Gene","Single_gene","Tissue"
"cg12566859",0.460667397377929,0.0471535303456478,0.392420683915195,0.191066060519619,1.98491858455999,10,"ABRAXAS2",NA,"Limb"
"cg14219291",0.261935775828089,0.278677672960878,0.600940172480524,0.225895170755372,1.08329461903408,10,"ABRAXAS2",NA,"Limb"
"cg05066539",-0.0250373467063858,0.918961854371689,0.77516571510321,0.242383587037064,-0.101741508102919,7,"ACHE","yes","Limb"
"cg12676910",-0.558422902824001,0.0129557765817727,0.28998025410628,0.166904252300965,-2.48498260324255,19,"ACTN4","yes","Limb"
"cg14858768",0.291582997217324,0.225805804094274,0.576223855655324,0.221915089938229,1.21123382091758,5,"ADAMTS6","yes","Limb"
"cg05388242",-0.0705313900653686,0.774170016493971,0.748718324991766,0.241329088644531,-0.286924648985097,18,"AQP4-AS1","yes","Limb"
"cg06665099",-0.596046275702782,0.00707598835280911,0.240403555175989,0.156369711514306,-2.69324672949716,14,"ARF6",NA,"Limb"
"cg04135292",-0.20304340466295,0.404451641726562,0.642065241374783,0.232536699973397,-0.833697190485878,14,"ARF6",NA,"Limb"
"cg01802683",0.366904930286075,0.12229924975236,0.513900184296906,0.209885666463403,1.54519439482272,1,"ARID1A","yes","Limb"
"cg26225511",0.474084162335589,0.040301633208567,0.379928189992915,0.188024338306014,2.05064394820604,12,"ARID2","yes","Limb"
"cg21930209",0.197481570386148,0.417715604947523,0.646765842412567,0.233076985315858,0.810390797941519,2,"ARL4C","yes","Limb"
"cg09117664",0.427573791016973,0.0678414648918187,0.431713403147602,0.19819542050004,1.82605840419873,6,"BACH2",NA,"Limb"
"cg11422297",0.35887621864552,0.131325545930058,0.520973144872456,0.211298942786648,1.50889528120132,6,"BACH2",NA,"Limb"
"cg04777732",0.144102617865556,0.556148833751147,0.69439480951355,0.237499235876985,0.588571385598909,6,"BACH2",NA,"Limb"
"cg04163896",0.114056472073737,0.641980733998426,0.71789934670836,0.23938050848024,0.46493118969622,6,"BACH2",NA,"Limb"
"cg18902591",0.118520461160699,0.62891444287214,0.714717321178684,0.239128702927312,0.483255344588787,1,"BCAR3","yes","Limb"
"cg08446518",0.254201081533723,0.293630877299216,0.606662106634722,0.22686341197164,1.05018975842099,2,"BCL11A","yes","Limb"
"cg26091579",-0.405298350779902,0.0851607400349958,0.461977498859323,0.202695085389644,-1.72149664734018,14,"BCL11B",NA,"Limb"
"cg06910273",-0.196135071639881,0.420961359842801,0.646984906143711,0.233205530243668,-0.804754505035514,14,"BCL11B",NA,"Limb"
"cg20402389",0.208719417086313,0.391154886098519,0.636635862254966,0.231969852770355,0.857524852159265,6,"C6orf62","yes","Limb"
"cg02936468",0.0627576239009548,0.798542420908352,0.751263317982049,0.241580393782197,0.255233937016081,9,"CARNMT1","yes","Limb"
"cg09219491",0.424707670793589,0.0699084599013651,0.435947513760293,0.198787872247707,1.81250332978846,7,"CASD1",NA,"Limb"
"cg25646617",0.00843314247185132,0.972666595227689,0.784442117979373,0.242518376413957,0.0342640459151052,7,"CASD1",NA,"Limb"
"cg26793710",0.433913376374257,0.0634319410852739,0.422810632116184,0.196870819112691,1.8561516808769,1,"CDC73","yes","Limb"
"cg22678587",-0.0575219262529134,0.8150600209885,0.754332210068058,0.241733129951248,-0.233903338968572,8,"CHD7","yes","Limb"
"cg25957641",0.436111178249871,0.0619545922950246,0.420890387284702,0.196407056655066,1.86662057482462,10,"CNNM2",NA,"Limb"
"cg27533327",0.361742150112563,0.128051326306923,0.516555986995102,0.210798047819049,1.52183142080897,10,"CNNM2",NA,"Limb"
"cg00724499",0.251332371934208,0.299298695563746,0.610167535460962,0.227215144088768,1.03793848368433,7,"COL1A2-AS1","yes","Limb"
"cg21338479",0.465092642390061,0.044802078095144,0.390722445886671,0.190072461186883,2.00650798113111,7,"CUX1","yes","Limb"
"cg23844872",0.318037209139746,0.184527066683266,0.55882860499583,0.218003712545673,1.32694442682205,4,"CXXC4",NA,"Limb"
"cg19847683",0.096686463434033,0.693758496672255,0.729017227238184,0.240268335992536,0.393759650815002,4,"CXXC4",NA,"Limb"
"cg15292196",0.0965243713813745,0.694248278017039,0.729017227238184,0.240275931708885,0.393096406626115,4,"CXXC4-AS1",NA,"Limb"
"cg16775971",-0.000806133732411646,0.997386708261131,0.789267992562943,0.24253546742417,-0.00327528133715804,4,"CXXC4-AS1",NA,"Limb"
"cg20422807",-0.16948471505457,0.487897412820483,0.667962005294113,0.235568772560215,-0.693656881366157,3,"DLG1","yes","Limb"
"cg17298239",-0.280526979383355,0.244699556892078,0.590366039651743,0.223449190366069,-1.16332033826189,18,"DLGAP1","yes","Limb"
"cg11758048",0.168147238875016,0.491387949447697,0.66867290590994,0.235678295511321,0.688102955499547,18,"DOK6","yes","Limb"
"cg09609922",0.493740420785795,0.0316782517091166,0.34904685835961,0.183410386623064,2.14844713562163,3,"EIF1B",NA,"Limb"
"cg04477970",-0.213922314699671,0.379181406228146,0.633140648307838,0.231436526230294,-0.879405582705286,3,"EIF1B",NA,"Limb"
"cg00133237",-0.160841572241024,0.510666865667554,0.674648905274524,0.236261225661204,-0.657799671264359,3,"EIF1B",NA,"Limb"
"cg22237674",0.237290247345855,0.32798959483064,0.620775108466145,0.228879253699248,0.978171327692893,14,"EIF5","yes","Limb"
"cg15652120",-0.0172013735745834,0.944278417034686,0.779991979155851,0.242463861836522,-0.0698935121775801,12,"ELK3","yes","Limb"
"cg06100991",0.272837358051597,0.258417138160498,0.5955669044918,0.224481218793121,1.1301402350587,4,"ELOVL6","yes","Limb"
"cg11630053",-0.262801245508806,0.27703434076357,0.600608124236113,0.225785024660764,-1.08700558656142,14,"EML5","yes","Limb"
"cg22751608",0.401618882519956,0.0883075801964292,0.470080860350407,0.203415180050785,1.70439359243324,2,"EPC2",NA,"Limb"
"cg19537233",0.0853878564947593,0.728167159810431,0.734750730559756,0.240767276927211,0.347564647794029,2,"EPC2",NA,"Limb"
"cg08123457",0.23787426720838,0.326765085441319,0.620775108466145,0.228811948725846,0.980650573821527,19,"ERCC1",NA,"Limb"
"cg25354760",0.0103265243917777,0.966532759026178,0.783300964495756,0.242509761739174,0.0419572733528428,19,"ERCC1",NA,"Limb"
"cg09789157",0.0397965379388055,0.87149821620124,0.765313710274442,0.242151505739928,0.161755729965228,12,"FBXL14","yes","Limb"
"cg01700051",0.013984128439333,0.954688898712842,0.78222468098316,0.242488195776458,0.05681960239104,3,"FOXP1","yes","Limb"
"cg15723244",0.252576162437778,0.29683320525492,0.608870678278194,0.227063133272982,1.04324852370063,7,"FZD1",NA,"Limb"
"cg07648871",0.205346837953182,0.399026233172147,0.640113000960975,0.232308546788476,0.843361614283556,7,"FZD1",NA,"Limb"
"cg00740694",-0.601413812137577,0.00645265377487482,0.238745917853221,0.154810835454774,-2.7238462506626,17,"FZD2","yes","Limb"
"cg23231910",0.626793300119685,0.00408016077445176,0.195704699114181,0.147250692573301,2.8718968852264,2,"FZD7","yes","Limb"
"cg21411075",0.0153068450930257,0.950407860148438,0.781919536299161,0.242478799059029,0.0621946032573805,15,"GABPB1","yes","Limb"
"cg20546778",-0.0688270148482664,0.779497143962862,0.749073617781981,0.241386695466474,-0.279974402135106,8,"GDAP1","yes","Limb"
"cg18013240",0.31956154811265,0.182315160716138,0.558012911230281,0.21776798813718,1.33366045389227,17,"GNA13","yes","Limb"
"cg06147822",-0.190416656427216,0.434894433277925,0.651507782185549,0.233741646337451,-0.780843691526116,20,"GNAS",NA,"Limb"
"cg09598225",0.105933863556398,0.666013993912608,0.724210378740224,0.239813894266628,0.43162498828796,20,"GNAS",NA,"Limb"
"cg06319737",0.0623216427799233,0.799914833043367,0.751263317982049,0.241593619783143,0.253457326756763,20,"GNAS",NA,"Limb"
"cg17653914",0.0238984149225179,0.922637454597496,0.77516571510321,0.242397104637471,0.0971119958277454,20,"GNAS",NA,"Limb"
"cg15769694",0.123362373672366,0.614860481930905,0.707723325782028,0.23884465113949,0.503147629359492,3,"GSK3B","yes","Limb"
"cg23133047",-0.170748856827822,0.484609476183423,0.667232951016982,0.235464457146075,-0.698908082290147,14,"HECTD1","yes","Limb"
"cg17542851",0.098172598042563,0.689273394479018,0.729017227238184,0.240198100878197,0.399841320299718,6,"HIVEP2","yes","Limb"
"cg16109955",0.0619404919504897,0.801115106780533,0.751263317982049,0.24160510690475,0.251904208207429,8,"HNF4G","yes","Limb"
"cg23936031",0.344805419502673,0.148257450783174,0.538521102317729,0.213700376048356,1.44571394719097,7,"HOXA-AS3",NA,"Limb"
"cg23242411",0.135669541236286,0.579720141191139,0.700744800030215,0.238071459892248,0.553793552672398,7,"HOXA-AS3",NA,"Limb"
"cg04317399",-0.0979677638643213,0.689890991578307,0.729017227238184,0.240207845050067,-0.399003002964194,7,"HOXA-AS3",NA,"Limb"
"cg06493080",0.629778464291731,0.00385611979456677,0.195263211319928,0.146340923736088,2.88969808323533,17,"HOXB7","yes","Limb"
"cg03260249",-0.473081994612162,0.0407852555876404,0.379928189992915,0.188254557814657,-2.04570650267244,17,"HOXB-AS1",NA,"Limb"
"cg14333709",0.0888108207369671,0.717686789403314,0.732985684404258,0.240622658792886,0.361552067269467,17,"HOXB-AS1",NA,"Limb"
"cg20589055",-0.107117973735421,0.662490285880446,0.723473287189438,0.239752708143326,-0.436477547575459,1,"ID3","yes","Limb"
"cg22159540",-0.422284190622001,0.0716925390084415,0.440581689265836,0.199285717359625,-1.80106561228077,7,"IGF2BP3","yes","Limb"
"cg25722551",-0.00638490908287273,0.979303735634786,0.785510992161049,0.242525737570986,-0.0259418301407157,1,"IRF2BP2","yes","Limb"
"cg14045854",0.293010476785632,0.223437418665881,0.574686418886981,0.221712695113629,1.2174385094521,2,"IRS1","yes","Limb"
"cg25728835",-0.160499635130664,0.51157790759861,0.674648905274524,0.236287875107972,-0.65638271731186,13,"IRS2","yes","Limb"
"cg27579480",-0.184934237074077,0.448476144910571,0.653318552170335,0.234240743665922,-0.757957969338024,19,"JUND","yes","Limb"
"cg11499678",0.366470455531488,0.122776119968293,0.513900184296906,0.209962946339231,1.54322530336211,2,"KLF7","yes","Limb"
"cg18987683",0.441843886649806,0.0582227644667761,0.415503077728426,0.195186360211093,1.89401691685332,3,"KPNA4",NA,"Limb"
"cg15062281",0.0547841643322045,0.823727413956433,0.754975519668962,0.241807701734313,0.222753431064631,3,"KPNA4",NA,"Limb"
"cg17173497",0.61994470106832,0.00463483026170733,0.208677928648292,0.149321560862288,2.83137529815951,4,"LDB2","yes","Limb"
"cg17127214",0.34121551057332,0.152808921057265,0.540032207674244,0.21429768130469,1.42967986746506,2,"LINC01798",NA,"Limb"
"cg19961864",-0.0713812651082904,0.771517271030736,0.748269663211641,0.241299836902068,-0.290390813245017,21,"LINC02246",NA,"Limb"
"cg26080060",0.024312554690344,0.921300750850321,0.77516571510321,0.242392262151837,0.098795362272366,21,"LINC02246",NA,"Limb"
"cg09595108",-0.403292298229392,0.0868660242151199,0.466426632231245,0.203088496444574,-1.71216630951625,1,"LMO4",NA,"Limb"
"cg06491768",-0.224923889860186,0.354549365233199,0.625112215433141,0.230265564353069,-0.925801081144219,1,"LMO4",NA,"Limb"
"cg20163753",0.147271418202497,0.547403087611563,0.691462332666631,0.237275301244331,0.601656085034181,1,"LMO4",NA,"Limb"
"cg12400088",0.446077933875866,0.0555772740868306,0.411483320114993,0.194274546820285,1.91433571244016,2,"LOC101929512",NA,"Limb"
"cg08695077",0.310618640896796,0.195549059782114,0.566184470303792,0.219134832324863,1.29433694678749,2,"LOC101929512",NA,"Limb"
"cg25517207",0.276098644675314,0.252541406365257,0.593629426732547,0.224047022387419,1.14419830389883,2,"LOC101929512",NA,"Limb"
"cg08042501",0.116426388658505,0.635031037534625,0.715550008867876,0.239248029421066,0.474657608755799,2,"LOC101929512",NA,"Limb"
"cg17651973",0.110214230478484,0.653308541664231,0.71976315082342,0.239589501967234,0.449170672901993,2,"LOC101929512",NA,"Limb"
"cg19889017",-0.021072086473261,0.931765016027946,0.775921117228256,0.242427931256776,-0.0856243814652618,2,"LOC101929512",NA,"Limb"
"cg15265788",-0.0189977498157309,0.938469292064629,0.778513606768478,0.242448090412961,-0.0771939027639005,2,"LOC101929512",NA,"Limb"
"cg02785457",-0.0160063027660357,0.948144548903833,0.781089329980521,0.242473486990039,-0.0650369898994175,2,"LOC101929512",NA,"Limb"
"cg23653728",0.0075700263821942,0.97546327001106,0.784645533490659,0.242521726459719,0.030757079246105,2,"LOC101929512",NA,"Limb"
"cg01198746",-0.255190991104506,0.29169036375241,0.606128537986903,0.226741112876304,-1.05442066823706,15,"LOC105370943",NA,"Limb"
"cg09084199",0.221677206523524,0.361720976638396,0.627196489232132,0.230617234300294,0.912090694220255,16,"MAF","yes","Limb"
"cg06021159",-0.364608765700113,0.12483440749826,0.515301476717943,0.210293047693812,-1.53479412042545,1,"MAN1A2","yes","Limb"
"cg01166712",0.492283233600864,0.0322633884094394,0.349532051480316,0.183758866910419,2.14113207901809,6,"MARCKS","yes","Limb"
"cg04104679",0.413206994024761,0.0786766926984225,0.451746914648264,0.201125087588508,1.75841635284032,5,"MAST4","yes","Limb"
"cg13016062",0.180225799868967,0.460312643549705,0.656790592526462,0.234657743194889,0.738332134725762,16,"MAZ","yes","Limb"
"cg24333845",0.108960161542849,0.657021745589296,0.720494244496759,0.23965616525978,0.444028822590446,3,"MBNL1","yes","Limb"
"cg12285520",0.359175508989049,0.130980889849584,0.520973144872456,0.211246820438169,1.51024511857656,3,"MECOM","yes","Limb"
"cg07493901",0.246916654719234,0.308151572015817,0.616887222634419,0.227748753218417,1.01910826245296,17,"MED13",NA,"Limb"
"cg13613666",0.196933429606813,0.41903528634375,0.646984906143711,0.23312942029209,0.808096058664063,17,"MED13",NA,"Limb"
"cg23398076",0.141508910426868,0.563353081117662,0.697156629551885,0.237678904508539,0.577868237205189,2,"MEIS1","yes","Limb"
"cg00464803",0.490971950184347,0.032797089212655,0.353995430689765,0.184071574450263,2.13455851410809,15,"MEIS2",NA,"Limb"
"cg09890636",-0.204561690461593,0.400871047851421,0.640405741748794,0.23238660412731,-0.840066596287221,15,"MEIS2",NA,"Limb"
"cg02886263",-0.150075388618414,0.539716224533086,0.689007511183856,0.237073086766872,-0.613242170874824,16,"MIR365A",NA,"Limb"
"cg00855137",0.0921413233607527,0.707535631154429,0.730426871344263,0.240476491887301,0.375167860319595,11,"MIR8068",NA,"Limb"
"cg01193810",-0.37207682325024,0.116723300692598,0.508588246335819,0.208958711182895,-1.56867665590264,12,"MIRLET7I",NA,"Limb"
"cg02036957",-0.30016096049519,0.211817210602792,0.573877028628583,0.220683989306798,-1.24858415525538,12,"MIRLET7I",NA,"Limb"
"cg14486049",-0.00253062039295249,0.991796455144251,0.78822992390236,0.242534071828592,-0.0102817998983868,12,"MIRLET7I",NA,"Limb"
"cg20867091",-0.128007936934423,0.601496031362774,0.704520466167879,0.238561428543185,-0.522250353067862,17,"MRM1","yes","Limb"
"cg26736720",-0.212650366206145,0.382089449399113,0.634474312996064,0.231568120840795,-0.874052893379129,17,"MRPS23","yes","Limb"
"cg12956982",0.589754454480196,0.00786817589291307,0.240403555175989,0.158179232510704,2.65767487056888,3,"MSL2",NA,"Limb"
"cg00809740",-0.0297181071407164,0.903873228017784,0.773393314276929,0.242321425844699,-0.120769980626627,3,"MSL2",NA,"Limb"
"cg00331900",-0.115497425845875,0.637751747584585,0.716546452823963,0.239300283381697,-0.470844550691397,12,"NAA25","yes","Limb"
"cg00811020",-0.0818927767803768,0.738916183470409,0.738506276866419,0.240909077599097,-0.33328894495492,14,"NAA30","yes","Limb"
"cg14537141",-0.237984864571277,0.326533501127751,0.620775108466145,0.228799184375411,-0.981120137258735,19,"NFIX","yes","Limb"
"cg26249364",0.229381545043874,0.344836920837225,0.620775108466145,0.229774396490597,0.944651313100885,17,"NOG","yes","Limb"
"cg03927473",-0.449110118010281,0.0537393281300965,0.40749540074385,0.193616214181077,-1.92893181035761,20,"NOL4L","yes","Limb"
"cg05945291",0.439402936454585,0.0597904370373703,0.418778544018846,0.195708073647569,1.88233579727968,5,"NR2F1-AS1",NA,"Limb"
"cg18526971",0.386288470885493,0.102338829445025,0.489046711888893,0.206344754297556,1.63361922049859,5,"NR2F1-AS1",NA,"Limb"
"cg20659048",0.338539552537839,0.156263813128186,0.541970367599032,0.214738852642138,1.4177498407704,5,"NR2F1-AS1",NA,"Limb"
"cg06259996",-0.104379162413586,0.670650697938801,0.72626322952705,0.239893197086278,-0.425255131735489,5,"NR2F1-AS1",NA,"Limb"
"cg26472530",-0.0974585198925123,0.691427229769685,0.729017227238184,0.240231982112265,-0.396918949726433,5,"NR2F1-AS1",NA,"Limb"
"cg06840251",0.0448035966307225,0.855483317320699,0.761043824304582,0.24204876817325,0.182126672284293,5,"NR2F1-AS1",NA,"Limb"
"cg22208258",-0.0306270441336177,0.900946728871179,0.772840629416329,0.242308122780137,-0.124465482408072,5,"NR2F1-AS1",NA,"Limb"
"cg05086365",0.319978821214656,0.18171279985359,0.557883753043926,0.217703264354187,1.33549986370983,15,"NR2F2",NA,"Limb"
"cg10040836",0.294758956902583,0.220558520044487,0.573877028628583,0.221463440483389,1.22504432581945,15,"NR2F2",NA,"Limb"
"cg09738906",0.282852241485281,0.24064478710689,0.587963659005652,0.223131467641927,1.17337667385516,15,"NR2F2",NA,"Limb"
"cg00367497",0.223648489608706,0.357356811254556,0.62716421431565,0.230404321245938,0.920413318722341,15,"NR2F2",NA,"Limb"
"cg15221004",0.220900342544253,0.363449150527932,0.627852374096702,0.230700623518792,0.90881241799523,15,"NR2F2",NA,"Limb"
"cg23474846",0.100456943701604,0.682398668989125,0.72881395507267,0.240088053119871,0.409192130615364,15,"NR2F2",NA,"Limb"
"cg18628648",-0.0327065208035632,0.894256107085855,0.771408896230405,0.242276180675648,-0.132920685897019,15,"NR2F2",NA,"Limb"
"cg17526513",0.0408806644903335,0.868026400050417,0.764769989276887,0.242130292531925,0.166165892560763,19,"NR2F6",NA,"Limb"
"cg05389467",0.439928730087971,0.059450096997115,0.418778544018846,0.195595938030904,1.88484996471596,12,"NUAK1","yes","Limb"
"cg08310277",0.186164542376006,0.445409403152996,0.653242519566845,0.23413001043778,0.763090537070064,23,"OGT","yes","Limb"
"cg10478876",0.195872096260476,0.421596831289967,0.646984906143711,0.233230532812865,0.803653993076854,11,"OSBP","yes","Limb"
"cg16299341",-0.408184101495877,0.0827509318377528,0.452908478774961,0.202125731174097,-1.73494283038248,1,"OSBPL9","yes","Limb"
"cg13655781",0.026432308518229,0.914462135325014,0.77516571510321,0.242366173414899,0.107411999540262,3,"P2RY1","yes","Limb"
"cg13640160",0.279463424912414,0.246568599797167,0.590915995875467,0.223593639805946,1.15872425756051,8,"PABPC1","yes","Limb"
"cg21596317",0.111993574612698,0.648053413980375,0.718018346907801,0.239493607224177,0.456468087448306,5,"PAM","yes","Limb"
"cg08838510",0.31920497706856,0.182830958607379,0.558012911230281,0.217823229420692,1.33208895717366,6,"PBX2",NA,"Limb"
"cg13910855",0.241013883233909,0.320228617699057,0.620775108466145,0.228447290371662,0.993988188820544,6,"PBX2",NA,"Limb"
"cg13982956",-0.327290978875414,0.17137433642933,0.554215426677705,0.216555358077448,-1.36780112198304,9,"PBX3",NA,"Limb"
"cg00954258",-0.158543361906533,0.516804888595132,0.676834287066738,0.236439250146383,-0.648278420639214,9,"PBX3",NA,"Limb"
"cg00826905",-0.123917830953379,0.613256294710351,0.707530654237052,0.238811338000662,-0.50543079414161,9,"PBX3",NA,"Limb"
"cg17882807",-0.116688589632033,0.634263921326932,0.715550008867876,0.239233204922302,-0.475733963319726,9,"PBX3",NA,"Limb"
"cg24217623",-0.0416690441907159,0.865503134155048,0.763932630209643,0.242114508188639,-0.16937315942018,9,"PBX3",NA,"Limb"
"cg03711808",-0.184432872577878,0.449728995439537,0.653318552170335,0.234285658245285,-0.755866909516258,11,"PCF11","yes","Limb"
"cg03665107",-0.550413619150892,0.0146085358993568,0.301803115824393,0.169058207852435,-2.44194094960061,17,"PPP1R1B","yes","Limb"
"cg21506362",-0.137345558856821,0.575001781716064,0.700439162590034,0.237960480897292,-0.56070041871161,11,"PPP2R5B","yes","Limb"
"cg24831901",-0.122808071573264,0.616463002911197,0.708730728773704,0.238877745803301,-0.500869451808129,2,"PRKCE","yes","Limb"
"cg09019938.2",0.133888406578011,0.584752425661119,0.701073294622384,0.238187905854796,0.546456144710486,10,"PRKG1",NA,"Limb"
"cg09019938.1",0.00143110870735197,0.995360705874225,0.789133171904119,0.242535128305878,0.00581452567843299,10,"PRKG1",NA,"Limb"
"cg04324237",0.137997586674284,0.573170649874077,0.699678374615354,0.237916938139348,0.563388083470464,1,"PRPF38B","yes","Limb"
"cg26589497",0.472513188730311,0.0410617263924927,0.379928189992915,0.188385008050711,2.04290618050274,5,"PURA",NA,"Limb"
"cg01915599",0.356341332498318,0.134270296726563,0.524783759262918,0.211738658677351,1.49747272773586,5,"PURA",NA,"Limb"
"cg12112459",0.296353005372496,0.217955046092161,0.573877028628583,0.221234908593941,1.2319840398534,5,"PURA",NA,"Limb"
"cg19835617",0.245586407047771,0.310849032187671,0.618077158562192,0.227907650688089,1.0134421140603,5,"PURA",NA,"Limb"
"cg07714477",0.244879268022142,0.312288702345065,0.618561386098359,0.227991768693075,1.01043129149549,5,"PURA",NA,"Limb"
"cg22110364",-0.183780660050075,0.451361491099447,0.65362338804631,0.234343904019392,-0.75314715441582,5,"PURA",NA,"Limb"
"cg21139873",0.110746143540301,0.651735933961459,0.718961875075983,0.239560996340709,0.451351914654138,5,"PURA",NA,"Limb"
"cg02205352",0.110011756476623,0.653907526944899,0.71989085601591,0.239600316639702,0.448340429284697,5,"PURA",NA,"Limb"
"cg19972859",-0.106472343976071,0.664410732956038,0.723961155738541,0.239786153870394,-0.433831599738941,5,"PURA",NA,"Limb"
"cg21846632",0.379976001731672,0.108560611475352,0.498566008569129,0.207517904172013,1.60469650497205,6,"QKI","yes","Limb"
"cg01324791",-0.0509088160916242,0.836029506843883,0.757244929514606,0.241907043624363,-0.206974841234473,19,"RAB4B-EGLN2","yes","Limb"
"cg12887144",0.233659785154886,0.335662059562187,0.620775108466145,0.229293932934291,0.962771791946891,8,"RAD54B",NA,"Limb"
"cg17532928",0.0453808458342982,0.853640360717592,0.760761951900088,0.242036142035985,0.184475608050984,8,"RAD54B",NA,"Limb"
"cg21140729",0.128964648345414,0.59875861353655,0.70428244965143,0.238501801498192,0.526186527850396,23,"RAP2C-AS1",NA,"Limb"
"cg15667675",-0.0678292353426168,0.782620152598148,0.750025203663106,0.241419765879444,-0.275906146850949,23,"RAP2C-AS1",NA,"Limb"
"cg16525315",-0.199725119447726,0.412337379598423,0.646061197950686,0.232860849039676,-0.819787287046092,16,"RBBP6","yes","Limb"
"cg20243605",-0.350287648704948,0.141489676873219,0.534137658431727,0.212776155360642,-1.4702661801994,20,"RBM39",NA,"Limb"
"cg10974737",-0.0478022577194373,0.845917640851018,0.75990343067851,0.24198141758919,-0.194329815966662,20,"RBM39",NA,"Limb"
"cg25349226",0.511052756994845,0.0253393313192367,0.34486164376376,0.179191402465535,2.23618994904617,2,"RHOB",NA,"Limb"
"cg22773167",0.233758923327988,0.335451162621129,0.620775108466145,0.229282694067029,0.963192032804797,2,"RHOB",NA,"Limb"
"cg21144428",-0.0048639428419795,0.984233173683416,0.786321425938807,0.242529887143075,-0.0197620725595186,2,"RHOB",NA,"Limb"
"cg19227907",-0.485591169285569,0.0350592827210217,0.362760324435222,0.185346019651726,-2.10767301858529,11,"RIC3","yes","Limb"
"cg01980251",0.592042985233705,0.00757210099374617,0.240403555175989,0.157523275562039,2.67057696549124,4,"RUFY3",NA,"Limb"
"cg08374320",-0.294210835905193,0.221458396192028,0.573877028628583,0.221541737461341,-1.22265932434975,4,"RUFY3",NA,"Limb"
"cg26105485",-0.236240756915451,0.330196837474365,0.620775108466145,0.228999785721126,-0.973717476342538,23,"SAT1",NA,"Limb"
"cg10739156",-0.172077960987098,0.481164383475867,0.666737928190053,0.235353945170191,-0.704431036488581,23,"SAT1",NA,"Limb"
"cg27192328",0.0138227340404879,0.955211343332879,0.78222468098316,0.242489284245264,0.056163769502336,23,"SAT1",NA,"Limb"
"cg16978019",0.397620896087381,0.091822402957002,0.471230574842119,0.204190166209615,1.68586189429278,10,"SKIDA1",NA,"Limb"
"cg18056436",-0.296638108027268,0.21749152782404,0.573877028628583,0.221193904710937,-1.23322581172637,10,"SKIDA1",NA,"Limb"
"cg03846926",-0.244036734798863,0.314009223112482,0.620324913168289,0.228091675902149,-1.00684508893708,10,"SKIDA1",NA,"Limb"
"cg26275174",-0.348827826344487,0.143270347978288,0.53530106514368,0.213023683436731,-1.46372044121461,9,"SMARCA2",NA,"Limb"
"cg23510032",-0.254810430262608,0.292435446192886,0.606128537986903,0.22678818578394,-1.05279393296773,9,"SMARCA2",NA,"Limb"
"cg03308445",0.464081049325658,0.0453315214580103,0.392420683915195,0.190300431495556,2.00156513914636,12,"SMARCC2",NA,"Limb"
"cg17069848",0.0232168123811603,0.92483786888608,0.775281318003146,0.242404893392255,0.0943415198702747,12,"SMARCC2",NA,"Limb"
"cg20778365",0.194081673954623,0.425936888565632,0.648534217995134,0.233399866803269,0.796163708250025,7,"SMARCD3","yes","Limb"
"cg15167046",0.272262255331604,0.259462128629822,0.596109625986166,0.224557250866705,1.12766333285861,17,"SMG6","yes","Limb"
"cg04241421",0.166928525115591,0.494579111903671,0.669050474475196,0.235777337709388,0.683043885701439,2,"SNX17",NA,"Limb"
"cg15292174",0.0617875099484462,0.801596979216369,0.751263317982049,0.241609697657245,0.2512808507069,2,"SNX17",NA,"Limb"
"cg15478432",0.242515141592625,0.317130756517272,0.620775108466145,0.228271233278753,1.00037150101754,5,"SNX18",NA,"Limb"
"cg13343932",0.214012356403993,0.378976014865124,0.633140648307838,0.231427180855564,0.879784588827484,17,"SOCS3",NA,"Limb"
"cg12564910",-0.0102900223610922,0.966650995753719,0.783300964495756,0.242509944258345,-0.0418089555583757,17,"SOCS3",NA,"Limb"
"cg12545961",0.0801093447351244,0.744419135852383,0.740050719493928,0.24097915093729,0.326006898398279,6,"SOX4",NA,"Limb"
"cg15004491",0.00602740115923309,0.980462357407649,0.785793696265502,0.242526813822643,0.0244892512469061,6,"SOX4",NA,"Limb"
"cg24375257",0.326508299736824,0.172461386661984,0.55483933307579,0.216679467208443,1.36433744276795,11,"SOX6",NA,"Limb"
"cg04858567",0.249940457378528,0.302072471799873,0.610844198563553,0.227384368215152,1.03199924370012,11,"SOX6",NA,"Limb"
"cg03586106",0.179891932284579,0.46115792889909,0.656790592526462,0.234686903650198,0.736941494260529,11,"SOX6",NA,"Limb"
"cg18680222",0.0168249252310456,0.94549612720221,0.780223820749182,0.242466968510225,0.0683636876902944,11,"SOX6",NA,"Limb"
"cg10536349",-0.279424380711147,0.246637386722544,0.590915995875467,0.223598932255364,-1.15855557337062,17,"SPAG9",NA,"Limb"
"cg17398634",-0.158634029616834,0.516562078704909,0.676834287066738,0.236432275368034,-0.648653945375147,17,"SPAG9",NA,"Limb"
"cg02019798",0.0302038462082421,0.902309146807689,0.773386719587749,0.242314366497599,0.122744850505862,17,"SPAG9",NA,"Limb"
"cg08354308",0.377048911142711,0.111536004098342,0.500861170022237,0.208055334133621,1.591326997333,6,"SRF","yes","Limb"
"cg26151482",0.151141728074346,0.536805890276617,0.687603004735632,0.23699518439776,0.617650284394072,4,"STX18-AS1","yes","Limb"
"cg07221240",0.517733550906792,0.0231786239828877,0.335656193451007,0.177524428604905,2.2704775488698,6,"SYNE1","yes","Limb"
"cg02779499",-0.236349844665462,0.329967003037759,0.620775108466145,0.228987282077008,-0.974180342900708,12,"TBX3","yes","Limb"
"cg10402101",0.413425773787103,0.0785026668210526,0.451746914648264,0.201081224894484,1.75944080179294,18,"TCF4",NA,"Limb"
"cg06831856",0.361335610024301,0.128512239038991,0.516555986995102,0.210869343614771,1.5199949731431,18,"TCF4",NA,"Limb"
"cg16698248",-0.273083682926818,0.257970365337337,0.595255011437281,0.224448604073899,-1.13120132274966,18,"TCF4",NA,"Limb"
"cg14270451",0.0615296768926073,0.802409273297839,0.75135810329749,0.241617409137379,0.250230275598115,18,"TCF4",NA,"Limb"
"cg27593991",-0.0508577814954412,0.836191763297976,0.757244929514606,0.24190830326156,-0.206767084617162,18,"TCF4",NA,"Limb"
"cg05577345",0.494313417353041,0.0314504391502869,0.34904685835961,0.183273074725452,2.15132648584667,2,"THORLNC","yes","Limb"
"cg24557436",0.17441924249973,0.475125292096437,0.663776814253739,0.235157188751519,0.714164780791582,9,"TLE1","yes","Limb"
"cg25707373",-0.479890351469337,0.0375859829720952,0.374331706878629,0.186680944039926,-2.07934139453677,6,"TMEM63B","yes","Limb"
"cg10487093",0.37636066951838,0.112244002389033,0.50140051173085,0.208181095605837,1.58818725422069,15,"TPM1","yes","Limb"
"cg07934336",-0.238563221441901,0.325324034700806,0.620775108466145,0.228732337953138,-0.983575991140065,3,"TRA2B","yes","Limb"
"cg26640686",0.354167392405073,0.136832417301214,0.527082385535058,0.212113280029293,1.4876909426634,3,"TRIM59-IFT80",NA,"Limb"
"cg14322760",-0.325530572911148,0.173825902760229,0.55483933307579,0.216834087525034,-1.36001270713861,3,"TRIM59-IFT80",NA,"Limb"
"cg02391262",0.197534187206242,0.417589043981984,0.646765842412567,0.233071944340696,0.810611093783228,10,"TRIM8",NA,"Limb"
"cg05017276",-0.0853616615779916,0.728247543933799,0.734750730559756,0.240768361733137,-0.347457630544167,8,"TRPS1",NA,"Limb"
"cg01562774",-0.141589919531114,0.563127454433524,0.697156629551885,0.237673342297742,-0.57820243585439,7,"TWIST1",NA,"Limb"
"cg26140919",-0.00300060550836139,0.99027296153282,0.78822992390236,0.242533441334475,-0.012191336815472,4,"UBE2K",NA,"Limb"
"cg17352520",0.227708213906325,0.348464574878613,0.620775108466145,0.229959902901482,0.937571672230149,15,"UBE2Q2",NA,"Limb"
"cg06645865",-0.544977993729619,0.0158231967626448,0.302720798389724,0.170502298554412,-2.41296827565874,1,"UTP11",NA,"Limb"
"cg16317038",0.363173398937911,0.126437943925577,0.516555986995102,0.21054640873379,1.52830050771843,1,"UTP11",NA,"Limb"
"cg25751494",0.11608731860493,0.636023576108959,0.715550008867876,0.239267150550219,0.473265775375546,1,"UTP11",NA,"Limb"
"cg03425039",0.023363471421108,0.924364365543374,0.775189999442624,0.242403236529608,0.0949376319270712,1,"UTP11",NA,"Limb"
"cg23245556",0.158825134321045,0.516050472597201,0.676834287066738,0.236417561231378,0.649445484367531,6,"UTRN",NA,"Limb"
"cg05520117",0.724978523960644,0.000445136505473331,0.0996389893702691,0.11506038963646,3.51176793666382,1,"VAV3-AS1",NA,"Limb"
"cg03802507",0.0832333043452629,0.734787823894991,0.737152107274372,0.240855390867898,0.338763600827109,1,"VPS13D",NA,"Limb"
"cg26709300",-0.0781077260210966,0.750609463977696,0.742169615338517,0.241055959604945,-0.317835838555016,16,"YPEL3",NA,"Limb"
"cg03064169",-0.000201289739901744,0.999347466066022,0.789478325670929,0.242535615209381,-0.000817830095699534,16,"YPEL3",NA,"Limb"
"cg21908378",-0.000671721969660422,0.997822437797488,0.789276322100753,0.242535515601736,-0.00272917288127712,11,"ZBTB16",NA,"Limb"
"cg01105418",0.170743125442076,0.484624358416051,0.667232951016982,0.235464931842204,0.698884270345143,1,"ZBTB18",NA,"Limb"
"cg21170961",0.467219007447855,0.0437046319592613,0.386176723566361,0.189591650095633,2.01691262851201,3,"ZBTB20-AS5",NA,"Limb"
"cg12958012",0.429310327430928,0.0666115104674915,0.42985545658882,0.197834524949614,1.83428627473087,3,"ZBTB20-AS5",NA,"Limb"
"cg08916715",0.341649780384053,0.152253260957649,0.540032207674244,0.214225757903355,1.43161770108341,3,"ZBTB20-AS5",NA,"Limb"
"cg22552849",0.259737563102214,0.282878603380775,0.601753244521526,0.22617329823415,1.07387523684437,3,"ZBTB20-AS5",NA,"Limb"
"cg03062698",-0.526962423598204,0.0204355024208183,0.329097521057503,0.175186053839526,-2.31825433857438,2,"ZEB2",NA,"Limb"
"cg04709860",-0.353327859574774,0.137830963873248,0.529968727220003,0.212257337820979,-1.48391691488222,2,"ZEB2",NA,"Limb"
"cg05962837",-0.321735290364514,0.179191931921453,0.557150316953687,0.217429890072187,-1.34324723330044,2,"ZEB2",NA,"Limb"
"cg00044472",-0.239927553494439,0.322481434607791,0.620775108466145,0.228574005773377,-0.989371456360052,2,"ZEB2",NA,"Limb"
"cg16771805",-0.226589510948648,0.350902073817768,0.621516054890457,0.23008316537754,-0.932840990130702,2,"ZEB2",NA,"Limb"
"cg12336777",-0.185784607983656,0.446355292221193,0.653287674211619,0.234164284668726,-0.761505337219407,2,"ZEB2",NA,"Limb"
"cg07605328",-0.136411706384601,0.577628747339944,0.700744800030215,0.238022484862784,-0.556851714403418,2,"ZEB2",NA,"Limb"
"cg17278116",-0.095895344701912,0.696150057912404,0.729017227238184,0.240305287526093,-0.390522720432083,2,"ZEB2",NA,"Limb"
"cg12279940",-0.0774630993606962,0.752606205417715,0.743138416964556,0.241080282314749,-0.315204741919116,2,"ZEB2",NA,"Limb"
"cg24250511",0.0686766358376318,0.779967618370268,0.749073617781981,0.241391710536382,0.279361233513381,2,"ZEB2",NA,"Limb"
"cg05968078",-0.0677984177541334,0.782716661335956,0.750025203663106,0.241420779609768,-0.275780500694477,2,"ZEB2",NA,"Limb"
"cg25296103",0.039743714373052,0.871667436842072,0.765313710274442,0.242152524777549,0.161540854233265,2,"ZEB2",NA,"Limb"
"cg14421309",0.178605959248264,0.464421102658333,0.658997518489484,0.234798717089859,0.73158631642689,2,"ZEB2-AS1",NA,"Limb"
"cg19123296",0.0552253831360822,0.822329225332923,0.754975519668962,0.241795929472005,0.224550180393909,2,"ZEB2-AS1",NA,"Limb"
"cg23245779",-0.308512005921595,0.198757134803148,0.56803928646138,0.219451167241607,-1.2851005918371,16,"ZFHX3",NA,"Limb"
"cg21391782",-0.292461765298082,0.224345889097521,0.575429558243382,0.221790610979494,-1.21505297031789,16,"ZFHX3",NA,"Limb"
"cg18616546",0.28506143579203,0.236832480517568,0.58362176785306,0.222827174767456,1.18294112750113,16,"ZFHX3",NA,"Limb"
"cg18099500",-0.15488202926509,0.526654660365042,0.684098084607852,0.236717573022281,-0.63312095299118,16,"ZFHX3",NA,"Limb"
"cg23076498",0.20173753665003,0.407545137476193,0.644770305890439,0.232664901996701,0.828221380712875,8,"ZFHX4-AS1",NA,"Limb"
"cg08928882",0.126072566074412,0.607049281510504,0.706502956078555,0.238680693011834,0.514289958006987,8,"ZFHX4-AS1",NA,"Limb"
"cg18026227",0.114094024237259,0.641870389247765,0.71789934670836,0.23937843054542,0.46508527667551,8,"ZFHX4-AS1",NA,"Limb"
"cg25194110",0.0915700069602292,0.709273667854626,0.730426871344263,0.240501947770682,0.372831753902834,8,"ZFHX4-AS1",NA,"Limb"
"cg01079539",0.238779929420877,0.324871535279101,0.620775108466145,0.228707249081085,0.984496329533464,10,"ZNF503-AS1",NA,"Limb"
"cg22518437",0.192383779197785,0.430074432206125,0.649024681586089,0.233559013263774,0.789064289622635,10,"ZNF503-AS1",NA,"Limb"
"cg13590730",-0.0253100456628124,0.91808202153509,0.77516571510321,0.242380257100214,-0.102849999806833,10,"ZNF503-AS1",NA,"Limb"
"cg13897219",-0.44801657696442,0.0543967829743081,0.40749540074385,0.193854152510427,-1.92366344415008,10,"ZNF503-AS2",NA,"Limb"
"cg14783285",0.222739838001394,0.359364692074674,0.627196489232132,0.230502696477668,0.91657633078436,18,"ZNF521",NA,"Limb"
"cg14834925",0.224722208918659,0.354992466379118,0.625374901862377,0.230287558708002,0.924948942810021,5,"ZNF608",NA,"Limb"
"cg01403803",0.119007962898802,0.627493790544892,0.71426791483475,0.239100618388595,0.485257370737231,5,"ZNF608",NA,"Limb"
"cg03901868",0.0766550348363147,0.755111322904498,0.744026019236858,0.241110487070124,0.311906841554347,2,"ZNF804A",NA,"Limb"
"cg26051847",0.38407915355734,0.104486347544873,0.491821630193129,0.206757546667258,1.62348228373617,6,"ADGRB3","yes","Limb"
"cg08382491",0.400431445745656,0.0893410588936668,0.470799656955142,0.203646167112747,1.69888391177882,1,"BCAR3",NA,"Limb"
"cg05925239",-0.381497348305633,0.107036884313093,0.495848900589035,0.207236935170141,-1.61165569260383,1,"BCAR3",NA,"Limb"
"cg08539704",0.329571291515679,0.16823383641984,0.549799806744398,0.216192075766954,1.37790106397003,1,"BCAR3",NA,"Limb"
"cg06678289",-0.171478738581509,0.48271609095767,0.667232951016982,0.235403875220658,-0.701940787695145,1,"BCAR3",NA,"Limb"
"cg04061729",-0.0655968936073228,0.789618764484701,0.750551518603285,0.241492005774145,-0.266805701103939,1,"BCAR3",NA,"Limb"
"cg22163848",-0.0396099223999797,0.87209606417277,0.765313710274442,0.242155099749087,-0.160996618211834,1,"BCAR3",NA,"Limb"
"cg13978957",0.487913626185303,0.0340685036571342,0.359656143902474,0.184797665295942,2.11925995794073,2,"BCL11A","yes","Limb"
"cg02794451",-0.336740601076858,0.158616431657737,0.544861482465838,0.215033484002385,-1.40974012642584,12,"CACNA1C","yes","Limb"
"cg08573313",0.2040389825891,0.402101799368808,0.64077079833575,0.232438404592275,0.837873418095238,7,"CASD1","yes","Limb"
"cg26774146",-0.528004618829042,0.0201426266657043,0.326944012984894,0.174919390377528,-2.32368045677197,10,"CELF2","yes","Limb"
"cg22522751",-0.0626222476602278,0.79896850744393,0.751263317982049,0.241584510449878,-0.254682274959088,18,"CELF4","yes","Limb"
"cg02052767",-0.23410703596016,0.33471123572162,0.620775108466145,0.229243192277509,-0.964667785131356,7,"CREB5","yes","Limb"
"cg27441580",-0.268544762596956,0.266281037677102,0.59725594947611,0.225044855682722,-1.11166773424959,5,"CREBRF","yes","Limb"
"cg06482098",0.0430600559457262,0.861054152152518,0.762865201644723,0.242085923140139,0.175032429118091,5,"CTNND2","yes","Limb"
"cg15761219",0.521068062214969,0.0221559320156278,0.332937079221143,0.176684310489961,2.28768396767485,12,"DUSP6","yes","Limb"
"cg12084468",0.302013734760658,0.208872283892792,0.573877028628583,0.220413393818835,1.25667240643424,12,"ELK3",NA,"Limb"
"cg06256720",-0.0334320037276944,0.891923483804474,0.770333525227775,0.242264543241507,-0.135870718780427,12,"ELK3",NA,"Limb"
"cg21650422",0.34547077807418,0.147424322549687,0.538521102317729,0.213588983999142,1.44868946963326,2,"EPC2","yes","Limb"
"cg14550429",0.192140755005265,0.430668378651014,0.64966121800848,0.233581677918264,0.788048429351643,6,"FOXC1",NA,"Limb"
"cg04504095",0.021116984138478,0.93161995339693,0.775921117228256,0.242427471848034,0.0858068596308098,6,"FOXC1",NA,"Limb"
"cg18508649",0.468213912626036,0.0431982792764805,0.385847966598891,0.1893659301795,2.02178779420333,2,"GPD2",NA,"Limb"
"cg01526265",0.0959830161312921,0.695884890375959,0.729017227238184,0.240301207531135,0.390881417155429,2,"GPD2",NA,"Limb"
"cg11905915",0.0240468969025004,0.922158181741174,0.77516571510321,0.24239537802276,0.0977155321115526,2,"GPD2",NA,"Limb"
"cg22879626",-0.515837711372943,0.0237764411743052,0.336277442351122,0.177999673587208,-2.26072258253604,1,"GREM2","yes","Limb"
"cg06384413",0.588185140470007,0.00807658549899273,0.241878923687259,0.158627573464674,2.64885131945284,17,"HOXB5",NA,"Limb"
"cg11155697",0.295756323744221,0.218927213621496,0.573877028628583,0.221320596614258,1.22938574157115,17,"HOXB5",NA,"Limb"
"cg19762019",0.261720641023054,0.279087098341055,0.600940172480524,0.22592249402365,1.08237237469123,17,"HOXB5",NA,"Limb"
"cg10153335",0.0698181476223656,0.776398137704608,0.748718324991766,0.241353367248142,0.284015975733371,17,"HOXB5",NA,"Limb"
"cg05867960",-0.0377706988183895,0.877991767644427,0.767678956532579,0.242189617483103,-0.153515500395438,13,"ING1","yes","Limb"
"cg00672657",0.0865560592669447,0.724585078957634,0.734750730559756,0.240718559921805,0.352337618778051,16,"IRX5","yes","Limb"
"cg02004484",-0.145123630447098,0.553324134787975,0.69266625646376,0.237427614224461,-0.592786363709883,18,"KLHL14","yes","Limb"
"cg15944174",0.0804213985419863,0.743455399114618,0.739739788529936,0.240967001302014,0.327280950464313,17,"KPNA2","yes","Limb"
"cg25424749",0.463938708330067,0.045406401739431,0.392420683915195,0.190332469301091,2.00086999602178,19,"LOC100505585",NA,"Limb"
"cg23344477",-0.377783646075385,0.11078371514282,0.500861170022237,0.207920823427744,-1.59468043595358,19,"LOC100505585",NA,"Limb"
"cg15592596",-0.166863913063526,0.494748576927187,0.669050474475196,0.235782568478705,-0.682775715782148,7,"MIR129-1",NA,"Limb"
"cg24013305",0.457658505075835,0.0488053877872157,0.3943057514524,0.191736221313351,1.97028787037937,17,"MIR193A",NA,"Limb"
"cg24615802",0.178835377675806,0.463838096370459,0.658774782414527,0.234778828288334,0.732541542597594,17,"MIR193A",NA,"Limb"
"cg26616840",0.347187427327511,0.145289844694525,0.538123262775208,0.213300596725304,1.45637188006736,13,"MIR3665",NA,"Limb"
"cg10052190",0.320206137461738,0.181385219003179,0.557883753043926,0.21766796949263,1.33650208641598,16,"MOSMO",NA,"Limb"
"cg08284222",0.285565809452086,0.235967575282052,0.582959641491174,0.222757370746326,1.18512614484478,16,"MOSMO",NA,"Limb"
"cg12280054",0.233132105606161,0.336785898206771,0.620775108466145,0.229353673468885,0.960535251334368,15,"NR2F2","yes","Limb"
"cg23128382",0.219031597852549,0.367625440429048,0.629044694555324,0.230900017022858,0.900930185879173,11,"OSBP","yes","Limb"
"cg21390528",0.442809004351274,0.0576115556741248,0.413853347838358,0.194979284709691,1.89864204990332,11,"PHF21A",NA,"Limb"
"cg18611872",0.30221357053631,0.208556269609519,0.573877028628583,0.220384108555932,1.25754523576653,11,"PHF21A",NA,"Limb"
"cg22190090",-0.200203137558536,0.411196318879477,0.645807487163874,0.232814482788788,-0.821790188323612,17,"PIP4K2B","yes","Limb"
"cg19764539",-0.210603114982284,0.386796053750755,0.636488691399604,0.231778279465397,-0.865442334176188,21,"PKNOX1","yes","Limb"
"cg17659328",-0.162577021489231,0.506054924719791,0.673374993356327,0.236125096101035,-0.664993071299126,15,"POLG","yes","Limb"
"cg18261844",-0.111306822759397,0.650079801185595,0.718705301486579,0.239530800538068,-0.453651331668371,1,"POU2F1","yes","Limb"
"cg02681015",0.255453098373604,0.291177870715781,0.606128537986903,0.226708651052639,1.05554121369695,1,"PRDM16","yes","Limb"
"cg01061575",-0.19025816130972,0.435284019477738,0.651507782185549,0.233756279748633,-0.780181551875809,22,"PRR5-ARHGAP8","yes","Limb"
"cg06467581",0.0273749373129641,0.91142290556981,0.774416208245368,0.242353871945111,0.111243944026752,5,"PURA","yes","Limb"
"cg17954486",0.565750117423376,0.0115784797360252,0.273550562225968,0.164906472541212,2.52473732310113,9,"RFX3","yes","Limb"
"cg23976192",0.235717990345352,0.331299548191784,0.620775108466145,0.229059625142654,0.971499608087885,14,"RNASE11","yes","Limb"
"cg07414895",-0.109885236787695,0.654281917047207,0.719903021179344,0.239607064295889,-0.447821650281985,5,"SAP30L","yes","Limb"
"cg17999879",0.22299899483451,0.358791368503952,0.627196489232132,0.2304746796683,0.917670553255166,12,"SMARCC2",NA,"Limb"
"cg22192672",0.138258519077111,0.572438561423222,0.699494767959631,0.23789945516025,0.564463753411516,12,"SMARCC2",NA,"Limb"
"cg23148651",0.0384817894229232,0.875711592773589,0.766634083547169,0.242176466612646,0.156407795633023,6,"SOX4","yes","Limb"
"cg12446925",-0.366675730932629,0.122550649987957,0.513900184296906,0.209926445484976,-1.54415556735396,11,"SPI1",NA,"Limb"
"cg18498870",-0.356948194964448,0.133561128517161,0.524229768721052,0.211633672610777,-1.5002056949858,11,"SPI1",NA,"Limb"
"cg21852308",-0.2871207370335,0.233313955994828,0.580700106498562,0.222541396141867,-1.19186558094628,11,"SPI1",NA,"Limb"
"cg09829700",0.333764277307531,0.162562044086231,0.548664907042166,0.215517497701812,1.39650643526907,18,"SPIRE1",NA,"Limb"
"cg01932632",0.226780363482017,0.350485539586598,0.621295822356867,0.230062179548666,0.933647916647562,18,"SPIRE1",NA,"Limb"
"cg13219248",0.460686776858251,0.0471430313732066,0.392420683915195,0.191061729957487,1.98501294418534,18,"TCF4",NA,"Limb"
"cg19826810",0.187391346348593,0.442362237453651,0.653242519566845,0.234018861248338,0.768210329910532,18,"TCF4",NA,"Limb"
"cg17942018",0.175053611292904,0.473495539849974,0.663404247436033,0.235103419895555,0.716803195295422,18,"TCF4",NA,"Limb"
"cg05767211",0.150987813686067,0.537225521806021,0.6876074592311,0.237006462809672,0.617013954041311,18,"TCF4",NA,"Limb"
"cg13160963",0.0174509448023352,0.943471185613635,0.779991979155851,0.242461764334681,0.0709077370360951,6,"TMEM170B","yes","Limb"
"cg08321639",0.180221281776993,0.460324077187823,0.656790592526462,0.234658138172174,0.738313314892052,8,"TRPS1","yes","Limb"
"cg22766890",-0.165924150736902,0.497216576969776,0.669617362387485,0.235858419478778,-0.678875773851963,11,"WNT11",NA,"Limb"
"cg25563382",0.0543755483088433,0.825022740538785,0.754975519668962,0.241818519892211,0.221089506709012,11,"WNT11",NA,"Limb"
"cg03899760",-0.0443099374194927,0.857059968810082,0.761537631541958,0.242059437731812,-0.18011795279529,11,"WNT11",NA,"Limb"
"cg17136263",0.193799971479146,0.426621895745654,0.648648251521879,0.233426367996698,0.794985570612587,8,"XKR6","yes","Limb"
"cg24580106",0.549775242061418,0.0147471974249958,0.301803115824393,0.169228549198708,2.43852845945647,2,"XPO1",NA,"Limb"
"cg08330824",0.544935151110874,0.0158330806078674,0.302720798389724,0.170513623690746,2.41274066732413,2,"XPO1",NA,"Limb"
"cg09455096",0.264900402525128,0.27307348759411,0.600558859446604,0.225516361008271,1.09601208100352,2,"XPO1",NA,"Limb"
"cg06637963",0.301456802486477,0.209754662070165,0.573877028628583,0.22049490815517,1.25424033820208,10,"ZEB1-AS1",NA,"Limb"
"cg25231972",-0.257684466250984,0.286837213299844,0.604467436209949,0.226430948082512,-1.06508555967476,10,"ZEB1-AS1",NA,"Limb"
"cg07188186",0.290721229734483,0.227243443933052,0.576601708798378,0.222036796945877,1.20749012983813,19,"ZNF536","yes","Limb"
