"CpG","beta","gene_id"
"cg00072485",0.394479924,"AMEX60DD030421"
"cg00453591",0.1630634,NA
"cg01140958",0.358659874,"AMEX60DD004908"
"cg01140958",0.358659874,"AMEX60DD037838"
"cg01359274",0.084542482,"AMEX60DD054117"
"cg01359274",0.084542482,"AMEX60DD054118"
"cg01359274",0.084542482,"AMEX60DD054114"
"cg01914744",-0.017754307,"AMEX60DD011091"
"cg01914744",-0.017754307,"AMEX60DD018799"
"cg01918593",0.57926837,"AMEX60DD035946"
"cg02103833",0.032152687,"AMEX60DD055667"
"cg03098138",0.111469864,NA
"cg05362744",0.005355839,NA
"cg05911522",-1.695794887,NA
"cg06412451",0.343216036,"AMEX60DD012671"
"cg06412451",0.343216036,"AMEX60DD051502"
"cg06412451",0.343216036,"AMEX60DD051501"
"cg06412451",0.343216036,"AMEX60DD032042"
"cg06412451",0.343216036,"AMEX60DD052329"
"cg06412451",0.343216036,"AMEX60DD052331"
"cg06412451",0.343216036,"AMEX60DD052330"
"cg07374022",-0.802642483,"AMEX60DD021356"
"cg08474267",3.825453633,"AMEX60DD033855"
"cg08496735",0.404033561,"AMEX60DD011065"
"cg08496735",0.404033561,"AMEX60DD035280"
"cg11244870",0.073730246,"AMEX60DD034289"
"cg11577476",2.77146413,"AMEX60DD055731"
"cg12392571",2.032746045,NA
"cg12480296",-1.066539665,"AMEX60DD051563"
"cg12480296",-1.066539665,"AMEX60DD051565"
"cg12480296",-1.066539665,"AMEX60DD012626"
"cg13163842",0.219293355,"AMEX60DD045037"
"cg14649051",1.776542158,"AMEX60DD016989"
"cg14819454",0.227594762,NA
"cg16076776",-0.126495336,"AMEX60DD035598"
"cg16076776",-0.126495336,"AMEX60DD024424"
"cg16986738",4.485493523,"AMEX60DD006922"
"cg16986738",4.485493523,"AMEX60DD006923"
"cg16986738",4.485493523,"AMEX60DD006925"
"cg18059870",1.88640325,"AMEX60DD048732"
"cg19894585",-0.028295634,"AMEX60DD033861"
"cg20188742",0.450381339,"AMEX60DD023808"
"cg20586603",-0.091399834,"AMEX60DD003752"
"cg21090817",0.01652441,NA
"cg22170285",-0.22181013,NA
"cg22314954",0.114395563,"AMEX60DD031588"
"cg22314954",0.114395563,"AMEX60DD018398"
"cg22314954",0.114395563,"AMEX60DD050515"
"cg22314954",0.114395563,"AMEX60DD050512"
"cg22413784",0.125734656,"AMEX60DD046905"
"cg22788085",0.044617891,"AMEX60DD017302"
"cg22788085",0.044617891,"AMEX60DD004832"
"cg22964079",0.139356674,"AMEX60DD039213"
"cg23856718",0.059250526,"AMEX60DD016694"
"cg23856718",0.059250526,"AMEX60DD016693"
"cg24202924",0.125552797,"AMEX60DD029595"
"cg24202924",0.125552797,"AMEX60DD029596"
"cg24766227",0.127445174,"AMEX60DD016701"
"cg24766227",0.127445174,"AMEX60DD016699"
"cg24766227",0.127445174,"AMEX60DD008513"
"cg25380047",-0.300849558,"AMEX60DD032692"
"cg25380047",-0.300849558,"AMEX60DD032693"
"cg25380047",-0.300849558,"AMEX60DD032691"
"cg26263695",-0.293012959,"AMEX60DD050518"
"cg26374905",0.325031893,"AMEX60DD021249"
"cg26753700",1.240340719,"AMEX60DD043399"
"cg27038794",0.037350947,"AMEX60DD038107"
